ID	Gene Name	Species	BIOCARTA	COG_ONTOLOGY	GOTERM_BP_DIRECT	GOTERM_CC_DIRECT	GOTERM_MF_DIRECT	INTERPRO	KEGG_PATHWAY	OMIM_DISEASE	PIR_SUPERFAMILY	SMART	UP_KEYWORDS	UP_SEQ_FEATURE
ENSG00000023516	A-kinase anchoring protein 11(AKAP11)	Homo sapiens			GO:0010738~regulation of protein kinase A signaling,GO:0035556~intracellular signal transduction,	GO:0005777~peroxisome,GO:0005815~microtubule organizing center,	GO:0008157~protein phosphatase 1 binding,GO:0051018~protein kinase A binding,	IPR008382:SPHK1-interactor/A-kinase anchor 110kDa,					Complete proteome,Cytoplasm,Cytoskeleton,Phosphoprotein,Polymorphism,Reference proteome,	chain:A-kinase anchor protein 11,compositionally biased region:Ser-rich,modified residue,region of interest:PKA-RII subunit binding domain,sequence conflict,sequence variant,
ENSG00000124198	ADP ribosylation factor guanine nucleotide exchange factor 2(ARFGEF2)	Homo sapiens	h_arapPathway:ADP-Ribosylation Factor,	General function prediction only,	GO:0001881~receptor recycling,GO:0006887~exocytosis,GO:0006893~Golgi to plasma membrane transport,GO:0007032~endosome organization,GO:0010256~endomembrane system organization,GO:0015031~protein transport,GO:0032012~regulation of ARF protein signal transduction,GO:0032760~positive regulation of tumor necrosis factor production,GO:0035556~intracellular signal transduction,GO:0043547~positive regulation of GTPase activity,	GO:0000139~Golgi membrane,GO:0005802~trans-Golgi network,GO:0005815~microtubule organizing center,GO:0005829~cytosol,GO:0005879~axonemal microtubule,GO:0016020~membrane,GO:0016023~cytoplasmic, membrane-bounded vesicle,GO:0030054~cell junction,GO:0031410~cytoplasmic vesicle,GO:0032279~asymmetric synapse,GO:0032280~symmetric synapse,GO:0043197~dendritic spine,GO:0048471~perinuclear region of cytoplasm,GO:0055037~recycling endosome,	GO:0005085~guanyl-nucleotide exchange factor activity,GO:0005086~ARF guanyl-nucleotide exchange factor activity,GO:0005515~protein binding,GO:0017022~myosin binding,GO:0034237~protein kinase A regulatory subunit binding,GO:0050811~GABA receptor binding,	IPR000904:SEC7-like,IPR011989:Armadillo-like helical,IPR015403:Domain of unknown function DUF1981, SEC7 associated,IPR016024:Armadillo-type fold,IPR023394:SEC7-like, alpha orthogonal bundle,	hsa04144:Endocytosis,	608097~Periventricular heterotopia with microcephaly,		SM00222:Sec7,	3D-structure,Acetylation,Cell junction,Cell projection,Complete proteome,Cytoplasm,Cytoplasmic vesicle,Cytoskeleton,Disease mutation,Endosome,Golgi apparatus,Guanine-nucleotide releasing factor,Membrane,Phosphoprotein,Polymorphism,Protein transport,Reference proteome,Synapse,Transport,	chain:Brefeldin A-inhibited guanine nucleotide- exchange protein 2,domain:SEC7,modified residue,sequence conflict,sequence variant,
ENSG00000165240	ATPase copper transporting alpha(ATP7A)	Homo sapiens			GO:0001568~blood vessel development,GO:0001701~in utero embryonic development,GO:0001974~blood vessel remodeling,GO:0002082~regulation of oxidative phosphorylation,GO:0006568~tryptophan metabolic process,GO:0006584~catecholamine metabolic process,GO:0006825~copper ion transport,GO:0006878~cellular copper ion homeostasis,GO:0007005~mitochondrion organization,GO:0007595~lactation,GO:0007626~locomotory behavior,GO:0010041~response to iron(III) ion,GO:0010043~response to zinc ion,GO:0010273~detoxification of copper ion,GO:0015677~copper ion import,GO:0015679~plasma membrane copper ion transport,GO:0018205~peptidyl-lysine modification,GO:0019430~removal of superoxide radicals,GO:0021702~cerebellar Purkinje cell differentiation,GO:0021860~pyramidal neuron development,GO:0021954~central nervous system neuron development,GO:0030001~metal ion transport,GO:0030198~extracellular matrix organization,GO:0030199~collagen fibril organization,GO:0031069~hair follicle morphogenesis,GO:0034220~ion transmembrane transport,GO:0042093~T-helper cell differentiation,GO:0042414~epinephrine metabolic process,GO:0042415~norepinephrine metabolic process,GO:0042417~dopamine metabolic process,GO:0042428~serotonin metabolic process,GO:0043085~positive regulation of catalytic activity,GO:0043086~negative regulation of catalytic activity,GO:0043473~pigmentation,GO:0043588~skin development,GO:0048251~elastic fiber assembly,GO:0048286~lung alveolus development,GO:0048812~neuron projection morphogenesis,GO:0051216~cartilage development,GO:0051353~positive regulation of oxidoreductase activity,GO:0051542~elastin biosynthetic process,GO:0060003~copper ion export,	GO:0005770~late endosome,GO:0005783~endoplasmic reticulum,GO:0005794~Golgi apparatus,GO:0005802~trans-Golgi network,GO:0005829~cytosol,GO:0005886~plasma membrane,GO:0005887~integral component of plasma membrane,GO:0016020~membrane,GO:0016021~integral component of membrane,GO:0016323~basolateral plasma membrane,GO:0030140~trans-Golgi network transport vesicle,GO:0030141~secretory granule,GO:0031526~brush border membrane,GO:0043005~neuron projection,GO:0043025~neuronal cell body,GO:0048471~perinuclear region of cytoplasm,	GO:0000166~nucleotide binding,GO:0004008~copper-exporting ATPase activity,GO:0005375~copper ion transmembrane transporter activity,GO:0005507~copper ion binding,GO:0005515~protein binding,GO:0005524~ATP binding,GO:0016532~superoxide dismutase copper chaperone activity,GO:0019829~cation-transporting ATPase activity,GO:0032767~copper-dependent protein binding,	IPR001757:Cation-transporting P-type ATPase,IPR006121:Heavy metal-associated domain, HMA,IPR006122:Heavy metal-associated domain, copper ion-binding,IPR008250:P-type ATPase, A  domain,IPR017969:Heavy-metal-associated, conserved site,IPR018303:P-type ATPase, phosphorylation site,IPR023214:HAD-like domain,IPR023299:P-type ATPase, cytoplasmic domain N,IPR027256:Cation-transporting P-type ATPase, subfamily IB,		300489~Spinal muscular atrophy, distal, X-linked 3,304150~Occipital horn syndrome,309400~Menkes disease,			3D-structure,Alternative splicing,ATP-binding,Cell membrane,Complete proteome,Copper,Copper transport,Cytoplasm,Disease mutation,Endoplasmic reticulum,Glycoprotein,Golgi apparatus,Hydrolase,Ion transport,Magnesium,Membrane,Metal-binding,Neurodegeneration,Nucleotide-binding,Phosphoprotein,Polymorphism,Reference proteome,Repeat,Transmembrane,Transmembrane helix,Transport,	active site:4-aspartylphosphate intermediate,chain:Copper-transporting ATPase 1,compositionally biased region:Poly-Ser,domain:HMA 1,domain:HMA 2,domain:HMA 3,domain:HMA 4,domain:HMA 5,domain:HMA 6,glycosylation site:N-linked (GlcNAc...),helix,metal ion-binding site:Magnesium,modified residue,mutagenesis site,sequence conflict,sequence variant,short sequence motif:Endocytosis signal,splice variant,strand,topological domain:Cytoplasmic,topological domain:Extracellular,transmembrane region,turn,
ENSG00000124406	ATPase phospholipid transporting 8A1(ATP8A1)	Homo sapiens			GO:0007612~learning,GO:0030335~positive regulation of cell migration,GO:0034220~ion transmembrane transport,GO:0045332~phospholipid translocation,GO:0048194~Golgi vesicle budding,GO:0061092~positive regulation of phospholipid translocation,GO:0098655~cation transmembrane transport,	GO:0000139~Golgi membrane,GO:0005783~endoplasmic reticulum,GO:0005794~Golgi apparatus,GO:0005802~trans-Golgi network,GO:0005886~plasma membrane,GO:0016020~membrane,GO:0016021~integral component of membrane,GO:0042584~chromaffin granule membrane,GO:0043231~intracellular membrane-bounded organelle,GO:0070062~extracellular exosome,	GO:0000287~magnesium ion binding,GO:0004012~phospholipid-translocating ATPase activity,GO:0005515~protein binding,GO:0005524~ATP binding,GO:0019829~cation-transporting ATPase activity,	IPR001757:Cation-transporting P-type ATPase,IPR006539:Phospholipid-transporting  P-type ATPase, subfamily IV,IPR008250:P-type ATPase, A  domain,IPR018303:P-type ATPase, phosphorylation site,IPR023214:HAD-like domain,IPR023299:P-type ATPase, cytoplasmic domain N,					Alternative splicing,ATP-binding,Cell membrane,Complete proteome,Cytoplasmic vesicle,Endoplasmic reticulum,Golgi apparatus,Hydrolase,Lipid transport,Magnesium,Membrane,Metal-binding,Nucleotide-binding,Phosphoprotein,Polymorphism,Proteomics identification,Reference proteome,Transmembrane,Transmembrane helix,Transport,	active site:4-aspartylphosphate intermediate,chain:Probable phospholipid-transporting ATPase IA,metal ion-binding site:Magnesium,modified residue,nucleotide phosphate-binding region:ATP,sequence conflict,sequence variant,splice variant,topological domain:Cytoplasmic,topological domain:Extracellular,transmembrane region,
ENSG00000127995	CAS1 domain containing 1(CASD1)	Homo sapiens				GO:0016021~integral component of membrane,	GO:0016740~transferase activity,	IPR012419:Cas1p 10 TM acyl transferase domain,IPR013763:Cyclin-like,					Complete proteome,Membrane,Polymorphism,Proteomics identification,Reference proteome,Signal,Transferase,Transmembrane,Transmembrane helix,	chain:CAS1 domain-containing protein 1,sequence conflict,sequence variant,signal peptide,transmembrane region,
ENSG00000197312	DNA damage inducible 1 homolog 2(DDI2)	Homo sapiens			GO:0006508~proteolysis,	GO:0005654~nucleoplasm,GO:0005737~cytoplasm,	GO:0004190~aspartic-type endopeptidase activity,	IPR000626:Ubiquitin,IPR019103:Aspartic peptidase, DDI1-type,IPR021109:Aspartic peptidase,					3D-structure,Alternative splicing,Complete proteome,Phosphoprotein,Proteomics identification,Reference proteome,	chain:Protein DDI1 homolog 2,domain:Ubiquitin-like,modified residue,splice variant,
ENSG00000174405	DNA ligase 4(LIG4)	Homo sapiens			GO:0000012~single strand break repair,GO:0001701~in utero embryonic development,GO:0002328~pro-B cell differentiation,GO:0006260~DNA replication,GO:0006266~DNA ligation,GO:0006273~lagging strand elongation,GO:0006297~nucleotide-excision repair, DNA gap filling,GO:0006302~double-strand break repair,GO:0006303~double-strand break repair via nonhomologous end joining,GO:0006310~DNA recombination,GO:0007049~cell cycle,GO:0007417~central nervous system development,GO:0008283~cell proliferation,GO:0010165~response to X-ray,GO:0010332~response to gamma radiation,GO:0033077~T cell differentiation in thymus,GO:0033151~V(D)J recombination,GO:0033152~immunoglobulin V(D)J recombination,GO:0033153~T cell receptor V(D)J recombination,GO:0035019~somatic stem cell population maintenance,GO:0043524~negative regulation of neuron apoptotic process,GO:0045190~isotype switching,GO:0048146~positive regulation of fibroblast proliferation,GO:0050769~positive regulation of neurogenesis,GO:0051102~DNA ligation involved in DNA recombination,GO:0051103~DNA ligation involved in DNA repair,GO:0051276~chromosome organization,GO:0051301~cell division,GO:0051402~neuron apoptotic process,GO:0071285~cellular response to lithium ion,GO:0071897~DNA biosynthetic process,GO:0075713~establishment of integrated proviral latency,GO:0097680~double-strand break repair via classical nonhomologous end joining,GO:2001252~positive regulation of chromosome organization,	GO:0000784~nuclear chromosome, telomeric region,GO:0000793~condensed chromosome,GO:0005634~nucleus,GO:0005654~nucleoplasm,GO:0005737~cytoplasm,GO:0005886~plasma membrane,GO:0005925~focal adhesion,GO:0005958~DNA-dependent protein kinase-DNA ligase 4 complex,GO:0032807~DNA ligase IV complex,GO:0070419~nonhomologous end joining complex,	GO:0003677~DNA binding,GO:0003909~DNA ligase activity,GO:0003910~DNA ligase (ATP) activity,GO:0005515~protein binding,GO:0005524~ATP binding,GO:0008022~protein C-terminus binding,GO:0016874~ligase activity,GO:0046872~metal ion binding,	IPR000977:DNA ligase, ATP-dependent,IPR001357:BRCT domain,IPR012308:DNA ligase, ATP-dependent, N-terminal,IPR012309:DNA ligase, ATP-dependent, C-terminal,IPR012310:DNA ligase, ATP-dependent, central,IPR012340:Nucleic acid-binding, OB-fold,IPR016059:DNA ligase, ATP-dependent, conserved site,IPR021536:DNA ligase IV,	hsa03450:Non-homologous end-joining,	254500~Multiple myeloma, resistance to,606593~LIG4 syndrome,		SM00292:BRCT,	3D-structure,ATP-binding,Cell cycle,Cell division,Complete proteome,Direct protein sequencing,Disease mutation,DNA damage,DNA recombination,DNA repair,DNA replication,Ligase,Magnesium,Metal-binding,Nucleotide-binding,Nucleus,Polymorphism,Proteomics identification,Reference proteome,Repeat,SCID,	active site:N6-AMP-lysine intermediate,binding site:ATP,chain:DNA ligase 4,domain:BRCT 1,domain:BRCT 2,helix,metal ion-binding site:Magnesium 1,metal ion-binding site:Magnesium 2,modified residue,sequence conflict,sequence variant,strand,turn,
ENSG00000101868	DNA polymerase alpha 1, catalytic subunit(POLA1)	Homo sapiens			GO:0000082~G1/S transition of mitotic cell cycle,GO:0000083~regulation of transcription involved in G1/S transition of mitotic cell cycle,GO:0000722~telomere maintenance via recombination,GO:0000731~DNA synthesis involved in DNA repair,GO:0006260~DNA replication,GO:0006269~DNA replication, synthesis of RNA primer,GO:0006270~DNA replication initiation,GO:0006271~DNA strand elongation involved in DNA replication,GO:0006272~leading strand elongation,GO:0006273~lagging strand elongation,GO:0006281~DNA repair,GO:0006303~double-strand break repair via nonhomologous end joining,GO:0008283~cell proliferation,GO:0016032~viral process,GO:0090305~nucleic acid phosphodiester bond hydrolysis,	GO:0000785~chromatin,GO:0005634~nucleus,GO:0005635~nuclear envelope,GO:0005654~nucleoplasm,GO:0005658~alpha DNA polymerase:primase complex,GO:0005730~nucleolus,GO:0005737~cytoplasm,GO:0016363~nuclear matrix,	GO:0000166~nucleotide binding,GO:0001882~nucleoside binding,GO:0003677~DNA binding,GO:0003682~chromatin binding,GO:0003887~DNA-directed DNA polymerase activity,GO:0003896~DNA primase activity,GO:0005515~protein binding,GO:0008408~3'-5' exonuclease activity,GO:0019901~protein kinase binding,GO:0046872~metal ion binding,GO:0046982~protein heterodimerization activity,GO:0051539~4 iron, 4 sulfur cluster binding,	IPR006133:DNA-directed DNA polymerase, family B, exonuclease domain,IPR006134:DNA-directed DNA polymerase, family B, multifunctional domain,IPR006172:DNA-directed DNA polymerase, family B,IPR012337:Ribonuclease H-like domain,IPR015088:Zinc finger, DNA-directed DNA polymerase, family B, alpha,IPR017964:DNA-directed DNA polymerase, family B, conserved site,IPR023211:DNA polymerase, palm domain,IPR024647:DNA polymerase alpha catalytic subunit, N-terminal domain,	hsa00230:Purine metabolism,hsa00240:Pyrimidine metabolism,hsa01100:Metabolic pathways,hsa03030:DNA replication,	310465~N syndrome,		SM00486:POLBc,	3D-structure,4Fe-4S,Acetylation,Complete proteome,Direct protein sequencing,DNA replication,DNA-binding,DNA-directed DNA polymerase,Host-virus interaction,Iron,Iron-sulfur,Metal-binding,Nucleotidyltransferase,Nucleus,Phosphoprotein,Polymorphism,Proteomics identification,Reference proteome,Transferase,Zinc,Zinc-finger,	chain:DNA polymerase alpha catalytic subunit,compositionally biased region:Asp-rich,compositionally biased region:Poly-Leu,compositionally biased region:Poly-Lys,helix,modified residue,sequence conflict,sequence variant,site:Cleavage,strand,zinc finger region:C4-type,
ENSG00000143971	Ewing tumor associated antigen 1(ETAA1)	Homo sapiens				GO:0005737~cytoplasm,							Coiled coil,Complete proteome,Cytoplasm,Isopeptide bond,Phosphoprotein,Polymorphism,Reference proteome,Ubl conjugation,	chain:Ewing's tumor-associated antigen 1,compositionally biased region:Poly-Glu,modified residue,sequence conflict,sequence variant,
ENSG00000163820	FYVE and coiled-coil domain containing 1(FYCO1)	Homo sapiens		Cell division and chromosome partitioning,	GO:0006810~transport,GO:0072383~plus-end-directed vesicle transport along microtubule,GO:1901098~positive regulation of autophagosome maturation,	GO:0005764~lysosome,GO:0005770~late endosome,GO:0005776~autophagosome,GO:0016020~membrane,GO:0016021~integral component of membrane,GO:0031410~cytoplasmic vesicle,GO:0043231~intracellular membrane-bounded organelle,	GO:0005515~protein binding,GO:0046872~metal ion binding,	IPR000306:Zinc finger, FYVE-type,IPR004012:RUN,IPR009038:GOLD,IPR011011:Zinc finger, FYVE/PHD-type,IPR013083:Zinc finger, RING/FYVE/PHD-type,IPR017455:Zinc finger, FYVE-related,		610019~Cataract 18, autosomal recessive,		SM00064:FYVE,	3D-structure,Acetylation,Alternative splicing,Cataract,Coiled coil,Complete proteome,Cytoplasmic vesicle,Disease mutation,Endosome,Lysosome,Metal-binding,Phosphoprotein,Polymorphism,Proteomics identification,Reference proteome,Zinc,Zinc-finger,	chain:FYVE and coiled-coil domain-containing protein 1,domain:GOLD,domain:RUN,modified residue,sequence conflict,sequence variant,splice variant,zinc finger region:FYVE-type,
ENSG00000170903	Myb/SANT DNA binding domain containing 4 with coiled-coils(MSANTD4)	Homo sapiens				GO:0005634~nucleus,	GO:0003677~DNA binding,	IPR009057:Homeodomain-like,IPR026162:Myb/SANT-like DNA-binding domain-containing protein 4,					Coiled coil,Complete proteome,Isopeptide bond,Phosphoprotein,Proteomics identification,Reference proteome,Ubl conjugation,	chain:Coiled-coil domain-containing protein KIAA1826,modified residue,
ENSG00000058804	NDC1 transmembrane nucleoporin(NDC1)	Homo sapiens			GO:0006406~mRNA export from nucleus,GO:0006409~tRNA export from nucleus,GO:0007077~mitotic nuclear envelope disassembly,GO:0007129~synapsis,GO:0007283~spermatogenesis,GO:0010827~regulation of glucose transport,GO:0015031~protein transport,GO:0016032~viral process,GO:0016925~protein sumoylation,GO:0019083~viral transcription,GO:0030474~spindle pole body duplication,GO:0031047~gene silencing by RNA,GO:0031081~nuclear pore distribution,GO:0051292~nuclear pore complex assembly,GO:0071790~establishment of spindle pole body localization to nuclear envelope,GO:0075733~intracellular transport of virus,GO:1900034~regulation of cellular response to heat,	GO:0005635~nuclear envelope,GO:0005643~nuclear pore,GO:0005737~cytoplasm,GO:0005816~spindle pole body,GO:0005886~plasma membrane,GO:0015629~actin cytoskeleton,GO:0016020~membrane,GO:0016021~integral component of membrane,GO:0031965~nuclear membrane,GO:0070762~nuclear pore transmembrane ring,	GO:0017056~structural constituent of nuclear pore,	IPR019049:Nucleoporin protein Ndc1-Nup,	hsa03013:RNA transport,				Alternative splicing,Complete proteome,Membrane,mRNA transport,Nuclear pore complex,Nucleus,Phosphoprotein,Polymorphism,Protein transport,Reference proteome,Translocation,Transmembrane,Transmembrane helix,Transport,	chain:Nucleoporin NDC1,modified residue,sequence variant,splice variant,topological domain:Cytoplasmic,topological domain:Perinuclear space,transmembrane region,
ENSG00000122126	OCRL, inositol polyphosphate-5-phosphatase(OCRL)	Homo sapiens			GO:0001701~in utero embryonic development,GO:0006629~lipid metabolic process,GO:0006661~phosphatidylinositol biosynthetic process,GO:0007165~signal transduction,GO:0042384~cilium assembly,GO:0043087~regulation of GTPase activity,GO:0043547~positive regulation of GTPase activity,GO:0043647~inositol phosphate metabolic process,GO:0046856~phosphatidylinositol dephosphorylation,GO:0051056~regulation of small GTPase mediated signal transduction,GO:0060271~cilium morphogenesis,	GO:0001750~photoreceptor outer segment,GO:0005634~nucleus,GO:0005737~cytoplasm,GO:0005769~early endosome,GO:0005795~Golgi stack,GO:0005798~Golgi-associated vesicle,GO:0005802~trans-Golgi network,GO:0005829~cytosol,GO:0005886~plasma membrane,GO:0005905~clathrin-coated pit,GO:0030136~clathrin-coated vesicle,GO:0030670~phagocytic vesicle membrane,GO:0031901~early endosome membrane,GO:0070062~extracellular exosome,	GO:0004439~phosphatidylinositol-4,5-bisphosphate 5-phosphatase activity,GO:0005096~GTPase activator activity,GO:0005515~protein binding,GO:0016787~hydrolase activity,GO:0048365~Rac GTPase binding,GO:0052658~inositol-1,4,5-trisphosphate 5-phosphatase activity,GO:0052659~inositol-1,3,4,5-tetrakisphosphate 5-phosphatase activity,GO:0052745~inositol phosphate phosphatase activity,	IPR000198:Rho GTPase-activating protein domain,IPR000300:Inositol polyphosphate-related phosphatase,IPR005135:Endonuclease/exonuclease/phosphatase,IPR008936:Rho GTPase activation protein,	hsa00562:Inositol phosphate metabolism,hsa01100:Metabolic pathways,hsa04070:Phosphatidylinositol signaling system,	300555~Dent disease 2,309000~Lowe syndrome,		SM00128:IPPc,SM00324:RhoGAP,	3D-structure,Alternative splicing,Cataract,Cell projection,Ciliopathy,Cilium,Cilium biogenesis/degradation,Coated pit,Complete proteome,Cytoplasmic vesicle,Disease mutation,Endosome,Golgi apparatus,Hydrolase,Membrane,Reference proteome,	chain:Inositol polyphosphate 5-phosphatase OCRL-1,domain:Rho-GAP,helix,sequence variant,splice variant,strand,turn,
ENSG00000163138	PARK2 coregulated like(PACRGL)	Homo sapiens					GO:0005515~protein binding,	IPR011989:Armadillo-like helical,IPR016024:Armadillo-type fold,IPR019399:Parkin co-regulated protein,					Acetylation,Alternative splicing,Complete proteome,Phosphoprotein,Proteomics identification,Reference proteome,	chain:PACRG-like protein,modified residue,sequence conflict,splice variant,
ENSG00000157212	PAX interacting protein 1(PAXIP1)	Homo sapiens			GO:0000416~positive regulation of histone H3-K36 methylation,GO:0001570~vasculogenesis,GO:0006303~double-strand break repair via nonhomologous end joining,GO:0006310~DNA recombination,GO:0006351~transcription, DNA-templated,GO:0010212~response to ionizing radiation,GO:0030330~DNA damage response, signal transduction by p53 class mediator,GO:0031398~positive regulation of protein ubiquitination,GO:0035066~positive regulation of histone acetylation,GO:0043542~endothelial cell migration,GO:0045830~positive regulation of isotype switching,GO:0048304~positive regulation of isotype switching to IgG isotypes,GO:0051568~histone H3-K4 methylation,GO:0051571~positive regulation of histone H3-K4 methylation,GO:0060261~positive regulation of transcription initiation from RNA polymerase II promoter,GO:0060612~adipose tissue development,GO:0060717~chorion development,GO:1902749~regulation of cell cycle G2/M phase transition,GO:2001022~positive regulation of response to DNA damage stimulus,	GO:0005634~nucleus,GO:0005654~nucleoplasm,GO:0016363~nuclear matrix,GO:0035097~histone methyltransferase complex,GO:0044666~MLL3/4 complex,	GO:0005515~protein binding,	IPR001357:BRCT domain,		104300~Alzheimer disease, susceptibility to,		SM00292:BRCT,	3D-structure,Alternative splicing,Coiled coil,Complete proteome,DNA damage,DNA recombination,DNA repair,Nucleus,Phosphoprotein,Polymorphism,Proteomics identification,Reference proteome,Repeat,Transcription,Transcription regulation,	chain:PAX-interacting protein 1,compositionally biased region:Gln-rich,compositionally biased region:Glu-rich,domain:BRCT 1,domain:BRCT 2,domain:BRCT 3,domain:BRCT 4,domain:BRCT 5,sequence conflict,sequence variant,short sequence motif:Nuclear localization signal,splice variant,
ENSG00000146587	RB associated KRAB zinc finger(RBAK)	Homo sapiens		General function prediction only,	GO:0006351~transcription, DNA-templated,GO:0006355~regulation of transcription, DNA-templated,GO:0045892~negative regulation of transcription, DNA-templated,	GO:0005634~nucleus,	GO:0003676~nucleic acid binding,GO:0008270~zinc ion binding,	IPR001909:Krueppel-associated box,IPR007087:Zinc finger, C2H2,IPR013087:Zinc finger C2H2-type/integrase DNA-binding domain,IPR015880:Zinc finger, C2H2-like,				SM00349:KRAB,SM00355:ZnF_C2H2,	Activator,Alternative splicing,Complete proteome,Isopeptide bond,Metal-binding,Nucleus,Polymorphism,Reference proteome,Repeat,Repressor,Transcription,Transcription regulation,Ubl conjugation,Zinc,Zinc-finger,	chain:RB-associated KRAB zinc finger protein,domain:KRAB,region of interest:Interaction with AR,region of interest:Required for interaction with RB1,sequence conflict,sequence variant,zinc finger region:C2H2-type 1,zinc finger region:C2H2-type 10; degenerate,zinc finger region:C2H2-type 11,zinc finger region:C2H2-type 12,zinc finger region:C2H2-type 13,zinc finger region:C2H2-type 14,zinc finger region:C2H2-type 15,zinc finger region:C2H2-type 16,zinc finger region:C2H2-type 2,zinc finger region:C2H2-type 3,zinc finger region:C2H2-type 4,zinc finger region:C2H2-type 5,zinc finger region:C2H2-type 6,zinc finger region:C2H2-type 7,zinc finger region:C2H2-type 8,zinc finger region:C2H2-type 9,
ENSG00000135801	TATA-box binding protein associated factor 5 like(TAF5L)	Homo sapiens			GO:0006355~regulation of transcription, DNA-templated,GO:0006366~transcription from RNA polymerase II promoter,GO:0043966~histone H3 acetylation,	GO:0030914~STAGA complex,GO:0033276~transcription factor TFTC complex,	GO:0003700~transcription factor activity, sequence-specific DNA binding,GO:0003713~transcription coactivator activity,GO:0004402~histone acetyltransferase activity,GO:0005515~protein binding,	IPR001680:WD40 repeat,IPR007582:TFIID subunit, WD40-associated region,IPR015943:WD40/YVTN repeat-like-containing domain,IPR017986:WD40-repeat-containing domain,IPR019775:WD40 repeat, conserved site,IPR020472:G-protein beta WD-40 repeat,	hsa03022:Basal transcription factors,hsa05168:Herpes simplex infection,			SM00320:WD40,	Alternative splicing,Complete proteome,Direct protein sequencing,Nucleus,Proteomics identification,Reference proteome,Repeat,Transcription,Transcription regulation,WD repeat,	chain:TAF5-like RNA polymerase II p300/CBP- associated factor-associated factor 65 kDa subunit 5L,repeat:WD 1,repeat:WD 2,repeat:WD 3,repeat:WD 4,repeat:WD 5,repeat:WD 6,splice variant,
ENSG00000164338	UTP15, small subunit processome component(UTP15)	Homo sapiens			GO:0006364~rRNA processing,	GO:0001650~fibrillar center,GO:0005634~nucleus,GO:0005654~nucleoplasm,GO:0005730~nucleolus,GO:0005737~cytoplasm,GO:0030054~cell junction,	GO:0005515~protein binding,GO:0044822~poly(A) RNA binding,	IPR001680:WD40 repeat,IPR015943:WD40/YVTN repeat-like-containing domain,IPR017986:WD40-repeat-containing domain,IPR018983:U3 small nucleolar RNA-associated protein 15, C-terminal,IPR019775:WD40 repeat, conserved site,	hsa03008:Ribosome biogenesis in eukaryotes,			SM00320:WD40,	Acetylation,Alternative splicing,Complete proteome,Nucleus,Polymorphism,Proteomics identification,Reference proteome,Repeat,rRNA processing,WD repeat,	chain:U3 small nucleolar RNA-associated protein 15 homolog,modified residue,repeat:WD 1,repeat:WD 2,repeat:WD 3,repeat:WD 4,repeat:WD 5,repeat:WD 6,repeat:WD 7,sequence conflict,sequence variant,
ENSG00000085433	WD repeat domain 47(WDR47)	Homo sapiens			GO:0007275~multicellular organism development,	GO:0005737~cytoplasm,GO:0005874~microtubule,	GO:0005515~protein binding,	IPR001680:WD40 repeat,IPR006594:LisH dimerisation motif,IPR006595:CTLH, C-terminal LisH motif,IPR015943:WD40/YVTN repeat-like-containing domain,IPR017986:WD40-repeat-containing domain,IPR019775:WD40 repeat, conserved site,IPR024977:Anaphase-promoting complex subunit 4, WD40 domain,				SM00320:WD40,SM00667:LisH,SM00668:CTLH,	Alternative splicing,Coiled coil,Complete proteome,Cytoplasm,Cytoskeleton,Developmental protein,Microtubule,Phosphoprotein,Proteomics identification,Reference proteome,Repeat,WD repeat,	chain:WD repeat-containing protein 47,compositionally biased region:Gln-rich,domain:CTLH,domain:LisH,modified residue,repeat:WD 1,repeat:WD 2,repeat:WD 3,repeat:WD 4,repeat:WD 5,repeat:WD 6,repeat:WD 7,sequence conflict,splice variant,
ENSG00000165392	Werner syndrome RecQ like helicase(WRN)	Homo sapiens			GO:0000722~telomere maintenance via recombination,GO:0000723~telomere maintenance,GO:0000731~DNA synthesis involved in DNA repair,GO:0000732~strand displacement,GO:0001302~replicative cell aging,GO:0006259~DNA metabolic process,GO:0006260~DNA replication,GO:0006281~DNA repair,GO:0006284~base-excision repair,GO:0006302~double-strand break repair,GO:0006310~DNA recombination,GO:0006974~cellular response to DNA damage stimulus,GO:0006979~response to oxidative stress,GO:0007420~brain development,GO:0007568~aging,GO:0007569~cell aging,GO:0009267~cellular response to starvation,GO:0010225~response to UV-C,GO:0010259~multicellular organism aging,GO:0016925~protein sumoylation,GO:0031297~replication fork processing,GO:0032066~nucleolus to nucleoplasm transport,GO:0032508~DNA duplex unwinding,GO:0040009~regulation of growth rate,GO:0042981~regulation of apoptotic process,GO:0051345~positive regulation of hydrolase activity,GO:0071480~cellular response to gamma radiation,GO:0090305~nucleic acid phosphodiester bond hydrolysis,GO:1901796~regulation of signal transduction by p53 class mediator,	GO:0000784~nuclear chromosome, telomeric region,GO:0005622~intracellular,GO:0005654~nucleoplasm,GO:0005730~nucleolus,GO:0005737~cytoplasm,GO:0005813~centrosome,GO:0032389~MutLalpha complex,GO:0043005~neuron projection,	GO:0000287~magnesium ion binding,GO:0000403~Y-form DNA binding,GO:0000405~bubble DNA binding,GO:0003676~nucleic acid binding,GO:0003677~DNA binding,GO:0003678~DNA helicase activity,GO:0003682~chromatin binding,GO:0004003~ATP-dependent DNA helicase activity,GO:0004386~helicase activity,GO:0004527~exonuclease activity,GO:0005515~protein binding,GO:0005524~ATP binding,GO:0008408~3'-5' exonuclease activity,GO:0009378~four-way junction helicase activity,GO:0016887~ATPase activity,GO:0030145~manganese ion binding,GO:0032403~protein complex binding,GO:0042803~protein homodimerization activity,GO:0043138~3'-5' DNA helicase activity,GO:0043140~ATP-dependent 3'-5' DNA helicase activity,GO:0051880~G-quadruplex DNA binding,	IPR001650:Helicase, C-terminal,IPR002121:HRDC domain,IPR002562:3'-5' exonuclease domain,IPR004589:DNA helicase, ATP-dependent, RecQ type,IPR010997:HRDC-like,IPR011545:DNA/RNA helicase, DEAD/DEAH box type, N-terminal,IPR011991:Winged helix-turn-helix DNA-binding domain,IPR012337:Ribonuclease H-like domain,IPR014001:Helicase, superfamily 1/2, ATP-binding domain,IPR018982:RQC domain,IPR027417:P-loop containing nucleoside triphosphate hydrolase,		277700~Werner syndrome,		SM00341:HRDC,SM00474:35EXOc,SM00487:DEXDc,SM00490:HELICc,SM00956:SM00956,	3D-structure,Acetylation,ATP-binding,Complete proteome,Direct protein sequencing,Disease mutation,DNA damage,DNA repair,DNA-binding,Exonuclease,Helicase,Hydrolase,Magnesium,Metal-binding,Multifunctional enzyme,Nuclease,Nucleotide-binding,Nucleus,Phosphoprotein,Polymorphism,Reference proteome,Repeat,Zinc,	chain:Werner syndrome ATP-dependent helicase,compositionally biased region:Poly-Glu,domain:Helicase ATP-binding,domain:Helicase C-terminal,domain:HRDC,helix,modified residue,nucleotide phosphate-binding region:ATP,region of interest:2 X 27 AA tandem repeats of H-L-S-P-N-D- N-E-N-D-T-S-Y-V-I-E-S-D-E-D-L-E-M-E-M-L- K,region of interest:Interaction with WRNIP1,repeat:1,repeat:2,sequence variant,short sequence motif:DEAH box,strand,turn,
ENSG00000137760	alkB homolog 8, tRNA methyltransferase(ALKBH8)	Homo sapiens			GO:0002098~tRNA wobble uridine modification,GO:0006974~cellular response to DNA damage stimulus,GO:0030488~tRNA methylation,GO:0055114~oxidation-reduction process,	GO:0005634~nucleus,GO:0005654~nucleoplasm,GO:0005829~cytosol,GO:0015630~microtubule cytoskeleton,	GO:0000049~tRNA binding,GO:0000166~nucleotide binding,GO:0003676~nucleic acid binding,GO:0005506~iron ion binding,GO:0005515~protein binding,GO:0008168~methyltransferase activity,GO:0008198~ferrous iron binding,GO:0008270~zinc ion binding,GO:0016300~tRNA (uracil) methyltransferase activity,GO:0016706~oxidoreductase activity, acting on paired donors, with incorporation or reduction of molecular oxygen, 2-oxoglutarate as one donor, and incorporation of one atom each of oxygen into both donors,	IPR000504:RNA recognition motif domain,IPR005123:Oxoglutarate/iron-dependent dioxygenase,IPR012677:Nucleotide-binding, alpha-beta plait,IPR013216:Methyltransferase type 11,IPR015095:Alkylated DNA repair protein AlkB, homologue 8, N-terminal,IPR027450:Alpha-ketoglutarate-dependent dioxygenase AlkB-like,					3D-structure,Alternative splicing,Complete proteome,Cytoplasm,Iron,Metal-binding,Methyltransferase,Multifunctional enzyme,Nucleus,Oxidoreductase,Proteomics identification,Reference proteome,RNA-binding,S-adenosyl-L-methionine,Transferase,Zinc,	chain:Alkylated DNA repair protein alkB homolog 8,domain:Fe2OG dioxygenase,domain:RRM,helix,sequence conflict,splice variant,strand,turn,
ENSG00000151458	ankyrin repeat domain 50(ANKRD50)	Homo sapiens		General function prediction only,	GO:0006886~intracellular protein transport,GO:1990126~retrograde transport, endosome to plasma membrane,	GO:0005768~endosome,	GO:0005515~protein binding,	IPR002110:Ankyrin repeat,IPR020683:Ankyrin repeat-containing domain,				SM00248:ANK,	Alternative splicing,ANK repeat,Complete proteome,Direct protein sequencing,Endosome,Phosphoprotein,Protein transport,Reference proteome,Repeat,Transport,	chain:Ankyrin repeat domain-containing protein 50,compositionally biased region:Ser-rich,modified residue,repeat:ANK 1,repeat:ANK 10,repeat:ANK 11,repeat:ANK 12,repeat:ANK 13,repeat:ANK 14,repeat:ANK 15,repeat:ANK 16,repeat:ANK 17,repeat:ANK 18,repeat:ANK 19,repeat:ANK 2,repeat:ANK 3,repeat:ANK 4,repeat:ANK 5,repeat:ANK 6,repeat:ANK 7,repeat:ANK 8,repeat:ANK 9,sequence conflict,
ENSG00000117593	aspartyl-tRNA synthetase 2, mitochondrial(DARS2)	Homo sapiens			GO:0006418~tRNA aminoacylation for protein translation,GO:0043039~tRNA aminoacylation,GO:0070145~mitochondrial asparaginyl-tRNA aminoacylation,	GO:0005634~nucleus,GO:0005737~cytoplasm,GO:0005739~mitochondrion,GO:0005759~mitochondrial matrix,	GO:0000049~tRNA binding,GO:0003676~nucleic acid binding,GO:0004812~aminoacyl-tRNA ligase activity,GO:0004815~aspartate-tRNA ligase activity,GO:0005515~protein binding,GO:0005524~ATP binding,GO:0042803~protein homodimerization activity,GO:0050560~aspartate-tRNA(Asn) ligase activity,	IPR002312:Aspartyl/Asparaginyl-tRNA synthetase, class IIb,IPR004115:GAD domain,IPR004364:Aminoacyl-tRNA synthetase, class II (D/K/N),IPR004365:Nucleic acid binding, OB-fold, tRNA/helicase-type,IPR004524:Aspartate-tRNA ligase, class IIb, bacterial/mitochondrial-type,IPR006195:Aminoacyl-tRNA synthetase, class II,IPR012340:Nucleic acid-binding, OB-fold,IPR018150:Aminoacyl-tRNA synthetase, class II (D/K/N)-like,	hsa00970:Aminoacyl-tRNA biosynthesis,	611105~Leukoencephalopathy with brain stem and spinal cord involvement and lactate elevation,			3D-structure,Acetylation,Aminoacyl-tRNA synthetase,ATP-binding,Complete proteome,Disease mutation,Ligase,Mitochondrion,Nucleotide-binding,Phosphoprotein,Polymorphism,Protein biosynthesis,Reference proteome,Transit peptide,	chain:Aspartyl-tRNA synthetase, mitochondrial,modified residue,sequence variant,transit peptide:Mitochondrion,
ENSG00000100802	chromosome 14 open reading frame 93(C14orf93)	Homo sapiens				GO:0005576~extracellular region,	GO:0005515~protein binding,GO:0044822~poly(A) RNA binding,						Alternative splicing,Complete proteome,Phosphoprotein,Polymorphism,Proteomics identification,Reference proteome,Secreted,Signal,	chain:Uncharacterized protein C14orf93,compositionally biased region:Poly-Ala,compositionally biased region:Poly-Cys,sequence conflict,sequence variant,signal peptide,splice variant,
ENSG00000008086	cyclin dependent kinase like 5(CDKL5)	Homo sapiens			GO:0001764~neuron migration,GO:0006468~protein phosphorylation,GO:0043547~positive regulation of GTPase activity,GO:0045773~positive regulation of axon extension,GO:0046777~protein autophosphorylation,GO:0050773~regulation of dendrite development,GO:0050775~positive regulation of dendrite morphogenesis,GO:0051726~regulation of cell cycle,	GO:0005634~nucleus,GO:0005654~nucleoplasm,GO:0005737~cytoplasm,GO:0032587~ruffle membrane,GO:0032839~dendrite cytoplasm,GO:0044294~dendritic growth cone,	GO:0004672~protein kinase activity,GO:0004674~protein serine/threonine kinase activity,GO:0004693~cyclin-dependent protein serine/threonine kinase activity,GO:0005524~ATP binding,GO:0016301~kinase activity,GO:0048365~Rac GTPase binding,	IPR000719:Protein kinase, catalytic domain,IPR008271:Serine/threonine-protein kinase, active site,IPR011009:Protein kinase-like domain,IPR017441:Protein kinase, ATP binding site,		300672~Epileptic encephalopathy, early infantile, 2,		SM00220:S_TKc,	3D-structure,Alternative splicing,ATP-binding,Chromosomal rearrangement,Complete proteome,Disease mutation,Epilepsy,Kinase,Mental retardation,Nucleotide-binding,Nucleus,Phosphoprotein,Polymorphism,Proteomics identification,Reference proteome,Serine/threonine-protein kinase,Transferase,	active site:Proton acceptor,binding site:ATP,chain:Cyclin-dependent kinase-like 5,compositionally biased region:Poly-Lys,domain:Protein kinase,modified residue,nucleotide phosphate-binding region:ATP,sequence conflict,sequence variant,
ENSG00000107864	cytoplasmic polyadenylation element binding protein 3(CPEB3)	Homo sapiens			GO:0000122~negative regulation of transcription from RNA polymerase II promoter,GO:0006412~translation,GO:0007616~long-term memory,GO:0017148~negative regulation of translation,GO:0045727~positive regulation of translation,GO:0048167~regulation of synaptic plasticity,GO:0060213~positive regulation of nuclear-transcribed mRNA poly(A) tail shortening,GO:0060998~regulation of dendritic spine development,GO:0060999~positive regulation of dendritic spine development,GO:0061158~3'-UTR-mediated mRNA destabilization,GO:0071230~cellular response to amino acid stimulus,GO:1900153~positive regulation of nuclear-transcribed mRNA catabolic process, deadenylation-dependent decay,GO:1900248~negative regulation of cytoplasmic translational elongation,GO:1900365~positive regulation of mRNA polyadenylation,GO:2000766~negative regulation of cytoplasmic translation,	GO:0005634~nucleus,GO:0005737~cytoplasm,GO:0014069~postsynaptic density,GO:0030014~CCR4-NOT complex,GO:0030054~cell junction,GO:0030425~dendrite,GO:0043005~neuron projection,GO:0045202~synapse,GO:0045211~postsynaptic membrane,GO:0097440~apical dendrite,GO:1990124~messenger ribonucleoprotein complex,	GO:0000166~nucleotide binding,GO:0000900~translation repressor activity, nucleic acid binding,GO:0003676~nucleic acid binding,GO:0003723~RNA binding,GO:0003730~mRNA 3'-UTR binding,GO:0005515~protein binding,GO:0008135~translation factor activity, RNA binding,GO:0035613~RNA stem-loop binding,GO:0035925~mRNA 3'-UTR AU-rich region binding,GO:0043022~ribosome binding,GO:0044822~poly(A) RNA binding,	IPR000504:RNA recognition motif domain,IPR012677:Nucleotide-binding, alpha-beta plait,	hsa04114:Oocyte meiosis,hsa04320:Dorso-ventral axis formation,hsa04914:Progesterone-mediated oocyte maturation,			SM00360:RRM,	3D-structure,Activator,Alternative splicing,Amyloid,Cell junction,Cell membrane,Cell projection,Complete proteome,Cytoplasm,Membrane,Methylation,Nucleus,Phosphoprotein,Polymorphism,Postsynaptic cell membrane,Reference proteome,Repeat,Repressor,RNA-binding,Synapse,Translation regulation,Ubl conjugation,	chain:Cytoplasmic polyadenylation element- binding protein 3,compositionally biased region:Ala-rich,compositionally biased region:Gln-rich,compositionally biased region:Pro-rich,domain:RRM 1,domain:RRM 2,helix,modified residue,sequence conflict,sequence variant,splice variant,strand,turn,
ENSG00000038358	enhancer of mRNA decapping 4(EDC4)	Homo sapiens			GO:0043928~exonucleolytic nuclear-transcribed mRNA catabolic process involved in deadenylation-dependent decay,	GO:0000932~cytoplasmic mRNA processing body,GO:0005634~nucleus,GO:0005654~nucleoplasm,GO:0005737~cytoplasm,GO:0005829~cytosol,GO:0016020~membrane,GO:0043231~intracellular membrane-bounded organelle,	GO:0005515~protein binding,	IPR001680:WD40 repeat,IPR015943:WD40/YVTN repeat-like-containing domain,IPR017986:WD40-repeat-containing domain,	hsa03018:RNA degradation,			SM00320:WD40,	Acetylation,Alternative splicing,Coiled coil,Complete proteome,Cytoplasm,Nucleus,Phosphoprotein,Proteomics identification,Reference proteome,Repeat,WD repeat,	chain:Enhancer of mRNA-decapping protein 4,compositionally biased region:Ser-rich,modified residue,region of interest:Sufficient for nuclear localization,repeat:WD 1,repeat:WD 2,repeat:WD 3,repeat:WD 4,sequence conflict,splice variant,
ENSG00000138604	glucuronic acid epimerase(GLCE)	Homo sapiens			GO:0006024~glycosaminoglycan biosynthetic process,GO:0015012~heparan sulfate proteoglycan biosynthetic process,GO:0030210~heparin biosynthetic process,	GO:0000139~Golgi membrane,GO:0005794~Golgi apparatus,GO:0016021~integral component of membrane,	GO:0016857~racemase and epimerase activity, acting on carbohydrates and derivatives,GO:0047464~heparosan-N-sulfate-glucuronate 5-epimerase activity,GO:0050379~UDP-glucuronate 5'-epimerase activity,	IPR010598:D-glucuronyl C5-epimerase,	hsa00534:Glycosaminoglycan biosynthesis - heparan sulfate / heparin,hsa01100:Metabolic pathways,				Complete proteome,Glycoprotein,Golgi apparatus,Isomerase,Membrane,Polymorphism,Proteomics identification,Reference proteome,Signal-anchor,Transmembrane,Transmembrane helix,	chain:D-glucuronyl C5-epimerase,glycosylation site:N-linked (GlcNAc...),modified residue,sequence variant,topological domain:Cytoplasmic,topological domain:Lumenal,transmembrane region,
ENSG00000184270	histone cluster 2 H2A family member b(HIST2H2AB)	Homo sapiens			GO:0006342~chromatin silencing,	GO:0000786~nucleosome,GO:0000790~nuclear chromatin,GO:0005634~nucleus,GO:0070062~extracellular exosome,	GO:0003677~DNA binding,GO:0046982~protein heterodimerization activity,	IPR002119:Histone H2A,IPR007125:Histone core,IPR009072:Histone-fold,	hsa05034:Alcoholism,hsa05322:Systemic lupus erythematosus,			SM00414:H2A,	Acetylation,Chromosome,Citrullination,Complete proteome,DNA-binding,Isopeptide bond,Methylation,Nucleosome core,Nucleus,Phosphoprotein,Polymorphism,Reference proteome,Ubl conjugation,	chain:Histone H2A type 2-B,cross-link:Glycyl lysine isopeptide (Lys-Gly) (interchain with G-Cter in ubiquitin),modified residue,mutagenesis site,sequence variant,
ENSG00000108506	integrator complex subunit 2(INTS2)	Homo sapiens			GO:0016180~snRNA processing,GO:0042795~snRNA transcription from RNA polymerase II promoter,	GO:0005622~intracellular,GO:0005654~nucleoplasm,GO:0016020~membrane,GO:0016021~integral component of membrane,GO:0031965~nuclear membrane,GO:0032039~integrator complex,	GO:0005515~protein binding,	IPR026236:Integrator complex subunit 2,					Complete proteome,Membrane,Nucleus,Polymorphism,Proteomics identification,Reference proteome,Transmembrane,Transmembrane helix,	chain:Integrator complex subunit 2,modified residue,sequence conflict,sequence variant,transmembrane region,
ENSG00000011376	leucyl-tRNA synthetase 2, mitochondrial(LARS2)	Homo sapiens			GO:0006418~tRNA aminoacylation for protein translation,GO:0006429~leucyl-tRNA aminoacylation,GO:0006450~regulation of translational fidelity,GO:0032543~mitochondrial translation,	GO:0005739~mitochondrion,GO:0005759~mitochondrial matrix,GO:0005829~cytosol,	GO:0002161~aminoacyl-tRNA editing activity,GO:0004823~leucine-tRNA ligase activity,GO:0005524~ATP binding,	IPR001412:Aminoacyl-tRNA synthetase, class I, conserved site,IPR002300:Aminoacyl-tRNA synthetase, class Ia,IPR002302:Leucine-tRNA ligase, bacterial/mitochondrial,IPR009008:Valyl/Leucyl/Isoleucyl-tRNA synthetase, class Ia, editing domain,IPR009080:Aminoacyl-tRNA synthetase, class 1a, anticodon-binding,IPR013155:Valyl/Leucyl/Isoleucyl-tRNA synthetase, class I, anticodon-binding,IPR014729:Rossmann-like alpha/beta/alpha sandwich fold,	hsa00970:Aminoacyl-tRNA biosynthesis,	615300~Perrault syndrome 4,			Acetylation,Aminoacyl-tRNA synthetase,ATP-binding,Complete proteome,Deafness,Disease mutation,Ligase,Mitochondrion,Nucleotide-binding,Phosphoprotein,Polymorphism,Protein biosynthesis,Proteomics identification,Reference proteome,Transit peptide,	binding site:ATP,chain:Probable leucyl-tRNA synthetase, mitochondrial,modified residue,sequence variant,short sequence motif:"HIGH" region,short sequence motif:"KMSKS" region,transit peptide:Mitochondrion,
ENSG00000139517	ligand of numb-protein X 2(LNX2)	Homo sapiens			GO:0051260~protein homooligomerization,		GO:0005515~protein binding,GO:0008270~zinc ion binding,GO:0030165~PDZ domain binding,	IPR001478:PDZ domain,IPR001841:Zinc finger, RING-type,IPR013083:Zinc finger, RING/FYVE/PHD-type,IPR017907:Zinc finger, RING-type, conserved site,				SM00184:RING,SM00228:PDZ,	3D-structure,Complete proteome,Metal-binding,Polymorphism,Reference proteome,Repeat,Zinc,Zinc-finger,	chain:Ligand of Numb protein X 2,domain:PDZ 1,domain:PDZ 2,domain:PDZ 3,domain:PDZ 4,helix,sequence variant,short sequence motif:NPXY motif,strand,turn,zinc finger region:RING-type,
ENSG00000144320	lunapark, ER junction formation factor(LNPK)	Homo sapiens			GO:0007596~blood coagulation,GO:0032330~regulation of chondrocyte differentiation,GO:0035115~embryonic forelimb morphogenesis,GO:0042733~embryonic digit morphogenesis,GO:0060173~limb development,GO:0071786~endoplasmic reticulum tubular network organization,	GO:0005789~endoplasmic reticulum membrane,GO:0016021~integral component of membrane,GO:0071782~endoplasmic reticulum tubular network,	GO:0046872~metal ion binding,	IPR019273:Domain of unknown function DUF2296,					Alternative splicing,Coiled coil,Complete proteome,Developmental protein,Endoplasmic reticulum,Lipoprotein,Membrane,Metal-binding,Myristate,Phosphoprotein,Proteomics identification,Reference proteome,Transmembrane,Transmembrane helix,Zinc,Zinc-finger,	chain:Protein lunapark,compositionally biased region:Pro-rich,modified residue,sequence conflict,splice variant,topological domain:Cytoplasmic,topological domain:Extracellular,transmembrane region,
ENSG00000111877	minichromosome maintenance 9 homologous recombination repair factor(MCM9)	Homo sapiens		DNA replication, recombination, and repair,	GO:0000724~double-strand break repair via homologous recombination,GO:0006260~DNA replication,GO:0006974~cellular response to DNA damage stimulus,GO:0007292~female gamete generation,	GO:0005634~nucleus,GO:0097362~MCM8-MCM9 complex,	GO:0003677~DNA binding,GO:0004386~helicase activity,GO:0005524~ATP binding,	IPR001208:Mini-chromosome maintenance, DNA-dependent ATPase,IPR003593:AAA+ ATPase domain,IPR012340:Nucleic acid-binding, OB-fold,IPR027417:P-loop containing nucleoside triphosphate hydrolase,		616185~Ovarian dysgenesis 4,		SM00350:MCM,SM00382:AAA,	Alternative splicing,ATP-binding,Complete proteome,DNA damage,DNA repair,DNA-binding,Helicase,Hydrolase,Nucleotide-binding,Nucleus,Phosphoprotein,Reference proteome,	chain:DNA replication licensing factor MCM9,domain:MCM,modified residue,nucleotide phosphate-binding region:ATP,sequence conflict,splice variant,
ENSG00000144959	neutral cholesterol ester hydrolase 1(NCEH1)	Homo sapiens			GO:0006470~protein dephosphorylation,GO:0006805~xenobiotic metabolic process,GO:0008152~metabolic process,GO:0009056~catabolic process,GO:0016042~lipid catabolic process,GO:0060395~SMAD protein signal transduction,	GO:0005789~endoplasmic reticulum membrane,GO:0016020~membrane,GO:0016021~integral component of membrane,	GO:0004771~sterol esterase activity,GO:0016787~hydrolase activity,GO:0017171~serine hydrolase activity,GO:0042301~phosphate ion binding,GO:0052689~carboxylic ester hydrolase activity,	IPR002168:Lipase, GDXG, active site,IPR013094:Alpha/beta hydrolase fold-3,IPR017157:Arylacetamide deacetylase,	hsa04976:Bile secretion,		PIRSF037251:arylacetamide deacetylase,		Alternative splicing,Complete proteome,Endoplasmic reticulum,Glycoprotein,Hydrolase,Lipid degradation,Lipid metabolism,Membrane,Microsome,Polymorphism,Proteomics identification,Reference proteome,Signal-anchor,Transmembrane,Transmembrane helix,	chain:Neutral cholesterol ester hydrolase 1,glycosylation site:N-linked (GlcNAc...),sequence conflict,sequence variant,splice variant,topological domain:Cytoplasmic,topological domain:Lumenal,transmembrane region,
ENSG00000127980	peroxisomal biogenesis factor 1(PEX1)	Homo sapiens			GO:0006625~protein targeting to peroxisome,GO:0007031~peroxisome organization,GO:0016558~protein import into peroxisome matrix,GO:0060152~microtubule-based peroxisome localization,	GO:0005737~cytoplasm,GO:0005777~peroxisome,GO:0005778~peroxisomal membrane,GO:0005829~cytosol,GO:0043231~intracellular membrane-bounded organelle,GO:0070062~extracellular exosome,	GO:0005515~protein binding,GO:0005524~ATP binding,GO:0008022~protein C-terminus binding,GO:0032403~protein complex binding,GO:0042623~ATPase activity, coupled,	IPR003593:AAA+ ATPase domain,IPR003959:ATPase, AAA-type, core,IPR003960:ATPase, AAA-type, conserved site,IPR009010:Aspartate decarboxylase-like domain,IPR015342:Peroxisome biogenesis factor 1, N-terminal,IPR015343:Peroxisome biogenesis factor 1, alpha/beta,IPR025653:Peroxisome biogenesis factor 1,IPR027417:P-loop containing nucleoside triphosphate hydrolase,	hsa04146:Peroxisome,	214100~Peroxisome biogenesis disorder 1A (Zellweger),234580~Heimler syndrome 1,601539~Peroxisome biogenesis disorder 1B (NALD/IRD),		SM00382:AAA,	Alternative splicing,Amelogenesis imperfecta,ATP-binding,Complete proteome,Cytoplasm,Deafness,Disease mutation,Isopeptide bond,Membrane,Nucleotide-binding,Peroxisome,Peroxisome biogenesis,Peroxisome biogenesis disorder,Phosphoprotein,Polymorphism,Protein transport,Proteomics identification,Reference proteome,Repeat,Transport,Zellweger syndrome,	chain:Peroxisome biogenesis factor 1,cross-link:Glycyl lysine isopeptide (Lys-Gly) (interchain with G-Cter in ubiquitin),modified residue,nucleotide phosphate-binding region:ATP,sequence variant,
ENSG00000178385	pleckstrin homology domain containing M3(PLEKHM3)	Homo sapiens					GO:0046872~metal ion binding,	IPR001849:Pleckstrin homology domain,IPR011993:Pleckstrin homology-like domain,IPR025258:Domain of unknown function DUF4206,				SM00233:PH,SM01175:SM01175,	Alternative splicing,Complete proteome,Metal-binding,Phosphoprotein,Proteomics identification,Reference proteome,Repeat,Zinc,Zinc-finger,	chain:Pleckstrin homology domain-containing family M member 3,compositionally biased region:Poly-Gln,domain:PH 1,domain:PH 2,modified residue,splice variant,zinc finger region:Phorbol-ester/DAG-type,
ENSG00000128513	protection of telomeres 1(POT1)	Homo sapiens			GO:0000723~telomere maintenance,GO:0007004~telomere maintenance via telomerase,GO:0016233~telomere capping,GO:0032202~telomere assembly,GO:0032212~positive regulation of telomere maintenance via telomerase,GO:0032508~DNA duplex unwinding,GO:0051096~positive regulation of helicase activity,GO:0051973~positive regulation of telomerase activity,GO:0051974~negative regulation of telomerase activity,GO:0060383~positive regulation of DNA strand elongation,GO:0070200~establishment of protein localization to telomere,	GO:0000781~chromosome, telomeric region,GO:0000783~nuclear telomere cap complex,GO:0000784~nuclear chromosome, telomeric region,GO:0005634~nucleus,GO:0005654~nucleoplasm,GO:0070187~telosome,	GO:0005515~protein binding,GO:0010521~telomerase inhibitor activity,GO:0017151~DEAD/H-box RNA helicase binding,GO:0042162~telomeric DNA binding,GO:0043047~single-stranded telomeric DNA binding,GO:0098505~G-rich strand telomeric DNA binding,	IPR011564:Telomere end binding protein,IPR012340:Nucleic acid-binding, OB-fold,		615848~Melanoma, cutaneous malignant, susceptibility to, 10,616568~Glioma susceptibility 9,		SM00976:SM00976,	3D-structure,Alternative splicing,Chromosome,Complete proteome,Disease mutation,DNA-binding,Nucleus,Polymorphism,Proteomics identification,Reference proteome,Telomere,	chain:Protection of telomeres protein 1,helix,region of interest:DNA binding,sequence conflict,sequence variant,site:DNA binding,splice variant,strand,
ENSG00000137713	protein phosphatase 2 scaffold subunit Abeta(PPP2R1B)	Homo sapiens		Energy production and conversion,	GO:0006461~protein complex assembly,GO:0060561~apoptotic process involved in morphogenesis,GO:2001241~positive regulation of extrinsic apoptotic signaling pathway in absence of ligand,	GO:0045121~membrane raft,GO:0070062~extracellular exosome,	GO:0005515~protein binding,GO:0008601~protein phosphatase type 2A regulator activity,	IPR000357:HEAT,IPR011989:Armadillo-like helical,IPR016024:Armadillo-type fold,IPR021133:HEAT, type 2,	hsa03015:mRNA surveillance pathway,hsa04071:Sphingolipid signaling pathway,hsa04114:Oocyte meiosis,hsa04151:PI3K-Akt signaling pathway,hsa04152:AMPK signaling pathway,hsa04261:Adrenergic signaling in cardiomyocytes,hsa04350:TGF-beta signaling pathway,hsa04390:Hippo signaling pathway,hsa04530:Tight junction,hsa04728:Dopaminergic synapse,hsa04730:Long-term depression,hsa05142:Chagas disease (American trypanosomiasis),hsa05160:Hepatitis C,	211980~Lung cancer,			Acetylation,Alternative splicing,Complete proteome,Polymorphism,Proteomics identification,Reference proteome,Repeat,	chain:Serine/threonine-protein phosphatase 2A 65 kDa regulatory subunit A beta isoform,repeat:HEAT 1,repeat:HEAT 10,repeat:HEAT 11,repeat:HEAT 12,repeat:HEAT 13,repeat:HEAT 14,repeat:HEAT 15,repeat:HEAT 2,repeat:HEAT 3,repeat:HEAT 4,repeat:HEAT 5,repeat:HEAT 6,repeat:HEAT 7,repeat:HEAT 8,repeat:HEAT 9,sequence conflict,sequence variant,splice variant,
ENSG00000145428	ring finger protein 175(RNF175)	Homo sapiens			GO:0016567~protein ubiquitination,GO:0030433~ER-associated ubiquitin-dependent protein catabolic process,GO:0030968~endoplasmic reticulum unfolded protein response,	GO:0000139~Golgi membrane,GO:0005789~endoplasmic reticulum membrane,GO:0016021~integral component of membrane,	GO:0005515~protein binding,GO:0008270~zinc ion binding,GO:0061630~ubiquitin protein ligase activity,	IPR001841:Zinc finger, RING-type,IPR013083:Zinc finger, RING/FYVE/PHD-type,				SM00184:RING,	Alternative splicing,Complete proteome,Membrane,Metal-binding,Polymorphism,Reference proteome,Transmembrane,Transmembrane helix,Zinc,Zinc-finger,	chain:RING finger protein 175,sequence variant,transmembrane region,zinc finger region:RING-type; atypical,
ENSG00000146373	ring finger protein 217(RNF217)	Homo sapiens			GO:0000209~protein polyubiquitination,GO:0032436~positive regulation of proteasomal ubiquitin-dependent protein catabolic process,GO:0042787~protein ubiquitination involved in ubiquitin-dependent protein catabolic process,	GO:0000151~ubiquitin ligase complex,GO:0005737~cytoplasm,GO:0005829~cytosol,GO:0016021~integral component of membrane,	GO:0004842~ubiquitin-protein transferase activity,GO:0016874~ligase activity,GO:0031624~ubiquitin conjugating enzyme binding,GO:0046872~metal ion binding,GO:0061630~ubiquitin protein ligase activity,	IPR002867:Zinc finger, C6HC-type,				SM00647:IBR,	Alternative splicing,Complete proteome,Membrane,Metal-binding,Polymorphism,Reference proteome,Repeat,Transferase,Transmembrane,Transmembrane helix,Ubl conjugation pathway,Zinc,Zinc-finger,	chain:Probable E3 ubiquitin-protein ligase RNF217,sequence conflict,sequence variant,transmembrane region,zinc finger region:IBR-type,zinc finger region:RING-type,
ENSG00000155850	solute carrier family 26 member 2(SLC26A2)	Homo sapiens			GO:0001503~ossification,GO:0006811~ion transport,GO:0008272~sulfate transport,GO:0015701~bicarbonate transport,GO:0019532~oxalate transport,GO:0042391~regulation of membrane potential,GO:0050428~3'-phosphoadenosine 5'-phosphosulfate biosynthetic process,GO:0051453~regulation of intracellular pH,GO:1902358~sulfate transmembrane transport,GO:1902476~chloride transmembrane transport,	GO:0005886~plasma membrane,GO:0005887~integral component of plasma membrane,GO:0016020~membrane,GO:0016021~integral component of membrane,GO:0070062~extracellular exosome,	GO:0005254~chloride channel activity,GO:0008271~secondary active sulfate transmembrane transporter activity,GO:0015106~bicarbonate transmembrane transporter activity,GO:0015116~sulfate transmembrane transporter activity,GO:0015301~anion:anion antiporter activity,GO:0019531~oxalate transmembrane transporter activity,	IPR001902:Sulphate anion transporter,IPR002645:STAS domain,IPR011547:Sulphate transporter,IPR018045:Sulphate anion transporter, conserved site,		222600~Diastrophic dysplasia,222600~Diastrophic dysplasia, broad bone-platyspondylic variant,226900~Epiphyseal dysplasia, multiple, 4,256050~Atelosteogenesis II,256050~De la Chapelle dysplasia,600972~Achondrogenesis Ib,			Complete proteome,Disease mutation,Dwarfism,Glycoprotein,Membrane,Phosphoprotein,Polymorphism,Proteomics identification,Reference proteome,Transmembrane,Transmembrane helix,Transport,	chain:Sulfate transporter,domain:STAS,glycosylation site:N-linked (GlcNAc...),modified residue,sequence conflict,sequence variant,topological domain:Cytoplasmic,topological domain:Extracellular,transmembrane region,
ENSG00000152683	solute carrier family 30 member 6(SLC30A6)	Homo sapiens			GO:0010043~response to zinc ion,GO:0061088~regulation of sequestering of zinc ion,GO:0071577~zinc II ion transmembrane transport,	GO:0000139~Golgi membrane,GO:0005794~Golgi apparatus,GO:0016020~membrane,GO:0016021~integral component of membrane,	GO:0005385~zinc ion transmembrane transporter activity,GO:0008324~cation transmembrane transporter activity,	IPR002524:Cation efflux protein,IPR027469:Cation efflux protein transmembrane domain,					Alternative splicing,Complete proteome,Golgi apparatus,Ion transport,Membrane,Proteomics identification,Reference proteome,Transmembrane,Transmembrane helix,Transport,Zinc,Zinc transport,	chain:Zinc transporter 6,modified residue,sequence conflict,splice variant,topological domain:Cytoplasmic,topological domain:Extracellular,transmembrane region,
ENSG00000116704	solute carrier family 35 member D1(SLC35D1)	Homo sapiens			GO:0006065~UDP-glucuronate biosynthetic process,GO:0008643~carbohydrate transport,GO:0015787~UDP-glucuronic acid transport,GO:0030206~chondroitin sulfate biosynthetic process,GO:0048706~embryonic skeletal system development,GO:0090481~pyrimidine nucleotide-sugar transmembrane transport,	GO:0005789~endoplasmic reticulum membrane,GO:0016021~integral component of membrane,	GO:0005461~UDP-glucuronic acid transmembrane transporter activity,GO:0015165~pyrimidine nucleotide-sugar transmembrane transporter activity,	IPR004853:Domain of unknown function DUF250,		269250~Schneckenbecken dysplasia,			Alternative splicing,Complete proteome,Endoplasmic reticulum,Membrane,Polymorphism,Reference proteome,Sugar transport,Transmembrane,Transmembrane helix,Transport,	chain:UDP-glucuronic acid/UDP-N- acetylgalactosamine transporter,sequence variant,transmembrane region,
ENSG00000115808	striatin(STRN)	Homo sapiens			GO:0007626~locomotory behavior,GO:0008285~negative regulation of cell proliferation,GO:0016055~Wnt signaling pathway,GO:0016358~dendrite development,GO:0070830~bicellular tight junction assembly,	GO:0000159~protein phosphatase type 2A complex,GO:0005737~cytoplasm,GO:0005923~bicellular tight junction,GO:0014069~postsynaptic density,GO:0016020~membrane,GO:0043025~neuronal cell body,GO:0043197~dendritic spine,GO:0045211~postsynaptic membrane,	GO:0005515~protein binding,GO:0005516~calmodulin binding,GO:0030331~estrogen receptor binding,GO:0032403~protein complex binding,GO:0051721~protein phosphatase 2A binding,GO:0070016~armadillo repeat domain binding,	IPR001680:WD40 repeat,IPR013258:Striatin, N-terminal,IPR015943:WD40/YVTN repeat-like-containing domain,IPR017986:WD40-repeat-containing domain,IPR019775:WD40 repeat, conserved site,IPR020472:G-protein beta WD-40 repeat,				SM00320:WD40,	Alternative splicing,Calmodulin-binding,Cell projection,Coiled coil,Complete proteome,Cytoplasm,Membrane,Phosphoprotein,Reference proteome,Repeat,WD repeat,	chain:Striatin,modified residue,region of interest:Calmodulin-binding,region of interest:Caveolin-binding,repeat:WD 1,repeat:WD 2,repeat:WD 3,repeat:WD 4,repeat:WD 5,repeat:WD 6,sequence conflict,splice variant,
ENSG00000162520	syncoilin, intermediate filament protein(SYNC)	Homo sapiens	h_prc2Pathway:The PRC2 Complex Sets Long-term Gene Silencing Through Modification of Histone Tails,		GO:0045103~intermediate filament-based process,	GO:0005829~cytosol,GO:0005882~intermediate filament,GO:0030018~Z disc,GO:0031594~neuromuscular junction,GO:0042383~sarcolemma,GO:0048471~perinuclear region of cytoplasm,	GO:0005198~structural molecule activity,	IPR001664:Intermediate filament protein,				SM01391:SM01391,	Alternative splicing,Coiled coil,Complete proteome,Cytoplasm,Intermediate filament,Phosphoprotein,Proteomics identification,Reference proteome,	chain:Syncoilin,region of interest:Coil 1A,region of interest:Coil 1B,region of interest:Coil 2,region of interest:Head,region of interest:Linker 1,region of interest:Linker 2,region of interest:Rod,region of interest:Tail,
ENSG00000159459	ubiquitin protein ligase E3 component n-recognin 1(UBR1)	Homo sapiens			GO:0016567~protein ubiquitination,GO:0030163~protein catabolic process,GO:0032007~negative regulation of TOR signaling,GO:0071233~cellular response to leucine,GO:0071596~ubiquitin-dependent protein catabolic process via the N-end rule pathway,	GO:0000151~ubiquitin ligase complex,GO:0000502~proteasome complex,GO:0005737~cytoplasm,GO:0005829~cytosol,	GO:0008270~zinc ion binding,GO:0016874~ligase activity,GO:0061630~ubiquitin protein ligase activity,GO:0070728~leucine binding,	IPR003126:Zinc finger, N-recognin,IPR003769:Adaptor protein ClpS, core,IPR011991:Winged helix-turn-helix DNA-binding domain,IPR013083:Zinc finger, RING/FYVE/PHD-type,IPR014719:Ribosomal protein L7/L12, C-terminal/adaptor protein ClpS-like,		243800~Johanson-Blizzard syndrome,		SM00396:ZnF_UBR1,	3D-structure,Acetylation,Alternative splicing,Complete proteome,Cytoplasm,Disease mutation,Ligase,Metal-binding,Phosphoprotein,Polymorphism,Proteomics identification,Reference proteome,Ubl conjugation pathway,Zinc,Zinc-finger,	chain:E3 ubiquitin-protein ligase UBR1,compositionally biased region:Poly-Pro,modified residue,sequence conflict,sequence variant,splice variant,zinc finger region:RING-type; atypical,zinc finger region:UBR-type,
ENSG00000155313	ubiquitin specific peptidase 25(USP25)	Homo sapiens			GO:0006464~cellular protein modification process,GO:0006508~proteolysis,GO:0006511~ubiquitin-dependent protein catabolic process,GO:0016579~protein deubiquitination,GO:0070536~protein K63-linked deubiquitination,GO:0071108~protein K48-linked deubiquitination,GO:1904293~negative regulation of ERAD pathway,	GO:0005634~nucleus,GO:0005737~cytoplasm,GO:0005783~endoplasmic reticulum,	GO:0004843~thiol-dependent ubiquitin-specific protease activity,GO:0005515~protein binding,GO:0008233~peptidase activity,GO:0031625~ubiquitin protein ligase binding,GO:0032183~SUMO binding,GO:0036459~thiol-dependent ubiquitinyl hydrolase activity,GO:0043130~ubiquitin binding,GO:0051117~ATPase binding,GO:1904455~ubiquitin-specific protease activity involved in negative regulation of ERAD pathway,	IPR001394:Peptidase C19, ubiquitin carboxyl-terminal hydrolase 2,IPR003903:Ubiquitin interacting motif,IPR009060:UBA-like,IPR018200:Peptidase C19, ubiquitin carboxyl-terminal hydrolase 2, conserved site,				SM00726:UIM,	3D-structure,Alternative splicing,Coiled coil,Complete proteome,Cytoplasm,Hydrolase,Isopeptide bond,Nucleus,Phosphoprotein,Protease,Proteomics identification,Reference proteome,Repeat,Thiol protease,Ubl conjugation,Ubl conjugation pathway,	chain:Ubiquitin carboxyl-terminal hydrolase 25,modified residue,repeat:UIM 1,repeat:UIM 2,sequence conflict,splice variant,
ENSG00000196646	zinc finger protein 136(ZNF136)	Homo sapiens		General function prediction only,	GO:0000122~negative regulation of transcription from RNA polymerase II promoter,GO:0006366~transcription from RNA polymerase II promoter,	GO:0005634~nucleus,	GO:0003677~DNA binding,GO:0003714~transcription corepressor activity,GO:0005515~protein binding,GO:0046872~metal ion binding,	IPR001909:Krueppel-associated box,IPR007087:Zinc finger, C2H2,IPR013087:Zinc finger C2H2-type/integrase DNA-binding domain,IPR015880:Zinc finger, C2H2-like,				SM00349:KRAB,SM00355:ZnF_C2H2,	Complete proteome,DNA-binding,Metal-binding,Nucleus,Phosphoprotein,Polymorphism,Proteomics identification,Reference proteome,Repeat,Repressor,Transcription,Transcription regulation,Zinc,Zinc-finger,	chain:Zinc finger protein 136,domain:KRAB,sequence variant,zinc finger region:C2H2-type 10,zinc finger region:C2H2-type 11,zinc finger region:C2H2-type 12,zinc finger region:C2H2-type 13,zinc finger region:C2H2-type 14,zinc finger region:C2H2-type 1; degenerate,zinc finger region:C2H2-type 2,zinc finger region:C2H2-type 3,zinc finger region:C2H2-type 4,zinc finger region:C2H2-type 5,zinc finger region:C2H2-type 6,zinc finger region:C2H2-type 7,zinc finger region:C2H2-type 8,zinc finger region:C2H2-type 9,
ENSG00000119725	zinc finger protein 410(ZNF410)	Homo sapiens		Transcription / Cell division and chromosome partitioning,	GO:0006351~transcription, DNA-templated,GO:0006355~regulation of transcription, DNA-templated,	GO:0005634~nucleus,	GO:0003676~nucleic acid binding,GO:0003677~DNA binding,GO:0005515~protein binding,GO:0046872~metal ion binding,	IPR007087:Zinc finger, C2H2,IPR013087:Zinc finger C2H2-type/integrase DNA-binding domain,IPR015880:Zinc finger, C2H2-like,				SM00355:ZnF_C2H2,	Activator,Alternative splicing,Complete proteome,DNA-binding,Metal-binding,Nucleus,Proteomics identification,Reference proteome,Repeat,Transcription,Transcription regulation,Ubl conjugation,Zinc,Zinc-finger,	chain:Zinc finger protein 410,splice variant,zinc finger region:C2H2-type 1,zinc finger region:C2H2-type 2,zinc finger region:C2H2-type 3,zinc finger region:C2H2-type 4,zinc finger region:C2H2-type 5,
ENSG00000124459	zinc finger protein 45(ZNF45)	Homo sapiens		General function prediction only,	GO:0006355~regulation of transcription, DNA-templated,GO:0006367~transcription initiation from RNA polymerase II promoter,GO:0007275~multicellular organism development,	GO:0005622~intracellular,GO:0005654~nucleoplasm,	GO:0003676~nucleic acid binding,GO:0003677~DNA binding,GO:0003700~transcription factor activity, sequence-specific DNA binding,GO:0046872~metal ion binding,	IPR001909:Krueppel-associated box,IPR007087:Zinc finger, C2H2,IPR013087:Zinc finger C2H2-type/integrase DNA-binding domain,IPR015880:Zinc finger, C2H2-like,				SM00349:KRAB,SM00355:ZnF_C2H2,	Complete proteome,DNA-binding,Metal-binding,Nucleus,Polymorphism,Reference proteome,Repeat,Transcription,Transcription regulation,Zinc,Zinc-finger,	chain:Zinc finger protein 45,domain:KRAB,sequence conflict,sequence variant,zinc finger region:C2H2-type 10,zinc finger region:C2H2-type 11,zinc finger region:C2H2-type 12,zinc finger region:C2H2-type 13,zinc finger region:C2H2-type 14,zinc finger region:C2H2-type 15,zinc finger region:C2H2-type 16,zinc finger region:C2H2-type 17,zinc finger region:C2H2-type 18,zinc finger region:C2H2-type 1; degenerate,zinc finger region:C2H2-type 2,zinc finger region:C2H2-type 3,zinc finger region:C2H2-type 4,zinc finger region:C2H2-type 5,zinc finger region:C2H2-type 6,zinc finger region:C2H2-type 7,zinc finger region:C2H2-type 8,zinc finger region:C2H2-type 9,
ENSG00000197714	zinc finger protein 460(ZNF460)	Homo sapiens		General function prediction only,	GO:0006351~transcription, DNA-templated,GO:0006355~regulation of transcription, DNA-templated,	GO:0005634~nucleus,	GO:0000978~RNA polymerase II core promoter proximal region sequence-specific DNA binding,GO:0005515~protein binding,GO:0046872~metal ion binding,	IPR001909:Krueppel-associated box,IPR007087:Zinc finger, C2H2,IPR013087:Zinc finger C2H2-type/integrase DNA-binding domain,IPR015880:Zinc finger, C2H2-like,				SM00349:KRAB,SM00355:ZnF_C2H2,	Alternative splicing,Complete proteome,DNA-binding,Isopeptide bond,Metal-binding,Nucleus,Proteomics identification,Reference proteome,Repeat,Transcription,Transcription regulation,Ubl conjugation,Zinc,Zinc-finger,	chain:Zinc finger protein 460,domain:KRAB,modified residue,sequence conflict,zinc finger region:C2H2-type 1,zinc finger region:C2H2-type 10,zinc finger region:C2H2-type 11,zinc finger region:C2H2-type 2,zinc finger region:C2H2-type 3,zinc finger region:C2H2-type 4,zinc finger region:C2H2-type 5,zinc finger region:C2H2-type 6,zinc finger region:C2H2-type 7,zinc finger region:C2H2-type 8,zinc finger region:C2H2-type 9,
ENSG00000172888	zinc finger protein 621(ZNF621)	Homo sapiens		General function prediction only,Transcription / Cell division and chromosome partitioning,	GO:0006351~transcription, DNA-templated,GO:0006355~regulation of transcription, DNA-templated,	GO:0005622~intracellular,GO:0005634~nucleus,	GO:0003676~nucleic acid binding,GO:0003677~DNA binding,GO:0003700~transcription factor activity, sequence-specific DNA binding,GO:0046872~metal ion binding,	IPR001909:Krueppel-associated box,IPR007087:Zinc finger, C2H2,IPR013087:Zinc finger C2H2-type/integrase DNA-binding domain,IPR015880:Zinc finger, C2H2-like,				SM00349:KRAB,SM00355:ZnF_C2H2,	Alternative splicing,Complete proteome,DNA-binding,Metal-binding,Nucleus,Reference proteome,Repeat,Transcription,Transcription regulation,Zinc,Zinc-finger,	chain:Zinc finger protein 621,domain:KRAB,splice variant,zinc finger region:C2H2-type 1,zinc finger region:C2H2-type 2,zinc finger region:C2H2-type 3,zinc finger region:C2H2-type 4,zinc finger region:C2H2-type 5,zinc finger region:C2H2-type 6,zinc finger region:C2H2-type 7,
ENSG00000175105	zinc finger protein 654(ZNF654)	Homo sapiens			GO:0006351~transcription, DNA-templated,GO:0006355~regulation of transcription, DNA-templated,	GO:0005634~nucleus,	GO:0003677~DNA binding,GO:0046872~metal ion binding,	IPR007087:Zinc finger, C2H2,IPR015880:Zinc finger, C2H2-like,				SM00355:ZnF_C2H2,	Complete proteome,DNA-binding,Metal-binding,Nucleus,Phosphoprotein,Proteomics identification,Reference proteome,Repeat,Transcription,Transcription regulation,Zinc,Zinc-finger,	chain:Zinc finger protein 654,compositionally biased region:Poly-Glu,compositionally biased region:Poly-Ser,modified residue,sequence conflict,zinc finger region:C2H2-type 1,zinc finger region:C2H2-type 2,zinc finger region:C2H2-type 3,zinc finger region:C2H2-type 4,zinc finger region:C2H2-type 5,
ENSG00000213799	zinc finger protein 845(ZNF845)	Homo sapiens		General function prediction only,	GO:0006351~transcription, DNA-templated,GO:0006355~regulation of transcription, DNA-templated,	GO:0005622~intracellular,GO:0005634~nucleus,	GO:0003676~nucleic acid binding,GO:0003677~DNA binding,GO:0046872~metal ion binding,	IPR001909:Krueppel-associated box,IPR007087:Zinc finger, C2H2,IPR013087:Zinc finger C2H2-type/integrase DNA-binding domain,IPR015880:Zinc finger, C2H2-like,				SM00349:KRAB,SM00355:ZnF_C2H2,	Complete proteome,DNA-binding,Metal-binding,Nucleus,Proteomics identification,Reference proteome,Repeat,Transcription,Transcription regulation,Zinc,Zinc-finger,	chain:Zinc finger protein 845,domain:KRAB,sequence conflict,zinc finger region:C2H2-type 10,zinc finger region:C2H2-type 11,zinc finger region:C2H2-type 12,zinc finger region:C2H2-type 13,zinc finger region:C2H2-type 14,zinc finger region:C2H2-type 15,zinc finger region:C2H2-type 16,zinc finger region:C2H2-type 17,zinc finger region:C2H2-type 18,zinc finger region:C2H2-type 19,zinc finger region:C2H2-type 1; degenerate,zinc finger region:C2H2-type 2,zinc finger region:C2H2-type 20,zinc finger region:C2H2-type 21,zinc finger region:C2H2-type 22,zinc finger region:C2H2-type 23,zinc finger region:C2H2-type 24,zinc finger region:C2H2-type 25,zinc finger region:C2H2-type 26,zinc finger region:C2H2-type 27,zinc finger region:C2H2-type 3,zinc finger region:C2H2-type 4,zinc finger region:C2H2-type 5,zinc finger region:C2H2-type 6,zinc finger region:C2H2-type 7,zinc finger region:C2H2-type 8,zinc finger region:C2H2-type 9,
